#term ID	term description	observed gene count	background gene count	strength	false discovery rate	matching proteins in your network (IDs)	matching proteins in your network (labels)
KW-0037	Angiogenesis	4	130	1.7	0.00061	9606.ENSP00000334329,9606.ENSP00000363827,9606.ENSP00000451040,9606.ENSP00000478570	UNC5B,HSPG2,PGF,VEGFA
KW-1015	Disulfide bond	10	3304	0.69	0.00061	9606.ENSP00000006053,9606.ENSP00000220166,9606.ENSP00000231061,9606.ENSP00000304767,9606.ENSP00000334329,9606.ENSP00000362524,9606.ENSP00000363827,9606.ENSP00000450482,9606.ENSP00000451040,9606.ENSP00000478570	CX3CL1,CTSH,SPARC,P2RY1,UNC5B,ANGPTL2,HSPG2,BDKRB2,PGF,VEGFA
KW-0325	Glycoprotein	10	4349	0.57	0.0028	9606.ENSP00000006053,9606.ENSP00000220166,9606.ENSP00000231061,9606.ENSP00000304767,9606.ENSP00000334329,9606.ENSP00000362524,9606.ENSP00000363827,9606.ENSP00000450482,9606.ENSP00000451040,9606.ENSP00000478570	CX3CL1,CTSH,SPARC,P2RY1,UNC5B,ANGPTL2,HSPG2,BDKRB2,PGF,VEGFA
KW-0732	Signal	9	3233	0.66	0.0028	9606.ENSP00000006053,9606.ENSP00000220166,9606.ENSP00000231061,9606.ENSP00000276571,9606.ENSP00000334329,9606.ENSP00000362524,9606.ENSP00000363827,9606.ENSP00000451040,9606.ENSP00000478570	CX3CL1,CTSH,SPARC,CRH,UNC5B,ANGPTL2,HSPG2,PGF,VEGFA
KW-0964	Secreted	7	1818	0.8	0.0042	9606.ENSP00000006053,9606.ENSP00000231061,9606.ENSP00000276571,9606.ENSP00000362524,9606.ENSP00000363827,9606.ENSP00000451040,9606.ENSP00000478570	CX3CL1,SPARC,CRH,ANGPTL2,HSPG2,PGF,VEGFA
KW-0084	Basement membrane	2	39	1.92	0.0314	9606.ENSP00000231061,9606.ENSP00000363827	SPARC,HSPG2
KW-0497	Mitogen	2	40	1.91	0.0314	9606.ENSP00000451040,9606.ENSP00000478570	PGF,VEGFA
