#term ID	term description	observed gene count	background gene count	strength	false discovery rate	matching proteins in your network (IDs)	matching proteins in your network (labels)
hsa00130	Ubiquinone and other terpenoid-quinone biosynthesis	4	11	2.81	2.47e-08	9606.ENSP00000233838,9606.ENSP00000319788,9606.ENSP00000378426,9606.ENSP00000403077	GGCX,NQO1,VKORC1,VKORC1L1
hsa04216	Ferroptosis	4	41	2.24	1.09e-06	9606.ENSP00000216117,9606.ENSP00000229416,9606.ENSP00000269305,9606.ENSP00000359258	HMOX1,GCLC,TP53,GCLM
hsa05418	Fluid shear stress and atherosclerosis	5	130	1.84	1.09e-06	9606.ENSP00000171111,9606.ENSP00000216117,9606.ENSP00000269305,9606.ENSP00000319788,9606.ENSP00000380252	KEAP1,HMOX1,TP53,NQO1,NFE2L2
hsa05225	Hepatocellular carcinoma	5	160	1.74	1.49e-06	9606.ENSP00000171111,9606.ENSP00000216117,9606.ENSP00000269305,9606.ENSP00000319788,9606.ENSP00000380252	KEAP1,HMOX1,TP53,NQO1,NFE2L2
hsa01100	Metabolic pathways	7	1447	0.93	0.00021	9606.ENSP00000216117,9606.ENSP00000229416,9606.ENSP00000233838,9606.ENSP00000319788,9606.ENSP00000359258,9606.ENSP00000378426,9606.ENSP00000403077	HMOX1,GCLC,GGCX,NQO1,GCLM,VKORC1,VKORC1L1
hsa05200	Pathways in cancer	5	517	1.24	0.00030	9606.ENSP00000171111,9606.ENSP00000216117,9606.ENSP00000269305,9606.ENSP00000319788,9606.ENSP00000380252	KEAP1,HMOX1,TP53,NQO1,NFE2L2
hsa05206	MicroRNAs in cancer	3	160	1.52	0.0043	9606.ENSP00000216117,9606.ENSP00000264731,9606.ENSP00000269305	HMOX1,TP63,TP53
hsa00270	Cysteine and methionine metabolism	2	49	1.86	0.0151	9606.ENSP00000229416,9606.ENSP00000359258	GCLC,GCLM
hsa00480	Glutathione metabolism	2	53	1.83	0.0157	9606.ENSP00000229416,9606.ENSP00000359258	GCLC,GCLM
